{"cameraMode":{"drawMode":0,"name":"Shaded","section":"Shading Mode"},"sceneLighting":false,"audioPlay":false,"sceneViewState":{"m_AlwaysRefresh":false,"showFog":true,"showSkybox":true,"showFlares":true,"showImageEffects":true,"showParticleSystems":true,"showVisualEffectGraphs":true,"m_FxEnabled":true},"in2DMode":false,"pivot":{"x":11.458379745483399,"y":8.321268081665039,"z":77.31829833984375},"rotation":{"x":0.04868881404399872,"y":0.7602338790893555,"z":-0.057360656559467319,"w":0.6452920436859131},"size":47.94519805908203,"orthographic":true}