{"cameraMode":{"drawMode":0,"name":"Shaded","section":"Shading Mode"},"sceneLighting":false,"audioPlay":false,"sceneViewState":{"m_AlwaysRefresh":false,"showFog":true,"showSkybox":true,"showFlares":true,"showImageEffects":true,"showParticleSystems":true,"showVisualEffectGraphs":true,"m_FxEnabled":true},"in2DMode":false,"pivot":{"x":0.9653241634368897,"y":7.83084774017334,"z":108.20698547363281},"rotation":{"x":0.18225997686386109,"y":-0.01622769795358181,"z":0.003008482279255986,"w":0.9831128120422363},"size":2.7281503677368166,"orthographic":false}